batch;ordine;titolo;slug;statoComplessivo;corpoPresente;azioneImmagine;idImmagine;giaPresentePrimaDelLotto1;directoryAttualePresente;note
Lotto 1;1;"15 milioni di euro per la digitalizzazione del Terzo settore";15-milioni-di-euro-per-la-digitalizzazione-del-terzo-settore;migrabile-senza-immagine;SI;;;SI;SI;
Lotto 1;2;"50 anni da Basaglia e dalla prima cooperative di integrazione sociale";50-anni-da-basaglia-e-dalla-prima-cooperative-di-integrazione-sociale;migrabile-senza-immagine;SI;;;SI;SI;
Lotto 1;3;"50 anni fa le prime esperienze di integrazione lavorativa autogestita.";50-anni-fa-le-prime-esperienze-di-integrazione-lavorativa-autogestita;migrabile-senza-immagine;SI;;;NO;SI;
Lotto 1;4;"Agricoltura Capodarco vince la sua battaglia per la sede";agricoltura-capodarco-vince-la-sua-battaglia-per-la-sede;migrabile-subito;SI;;;SI;SI;
Lotto 1;5;"ANAC: nelle gare non ci possono essere discriminazioni fra regioni per la selezione di coop sociali";anac-nelle-gare-non-ci-possono-essere-discriminazioni-fra-regioni-per-la-selezione-di-coop-sociali;migrabile-subito;SI;;;SI;SI;
Lotto 1;6;"Appalti, nuove regole per individuare i Ccnl";appalti-nuove-regole-per-individuare-i-ccnl;migrabile-subito;SI;;;SI;SI;
Lotto 1;7;"Assegno Ordinario di Invalidità e Lavoro Dipendente: Decurtazioni e Adempimenti";assegno-ordinario-di-invalidita-e-lavoro-dipendente-decurtazioni-e-adempimenti;migrabile-senza-immagine;SI;;;SI;SI;
Lotto 1;8;"BANCA D'ITALIA: LA POVERTA' CHE AVANZA UN BRUTTO SEGNALE PER IL PAESE";banca-d-italia-la-poverta-che-avanza-un-brutto-segnale-per-il-paese;migrabile-senza-immagine;SI;;;NO;SI;
Lotto 1;9;"BANDO DIGITALE SOCIALE";bando-digitale-sociale;migrabile-senza-immagine;SI;;;NO;SI;
Lotto 1;10;"Congedo Straordinario per Caregiver: Una Guida Pratica";congedo-straordinario-per-caregiver-una-guida-pratica;migrabile-subito;SI;;;NO;SI;
Lotto 1;11;"Cooperazione sociale e lavoro per i più fragili: una sfida vera o solo retorica istituzionale?";cooperazione-sociale-e-lavoro-per-i-piu-fragili-una-sfida-vera-o-solo-retorica-istituzionale;migrabile-senza-immagine;SI;;;NO;SI;
Lotto 1;12;"Dal 2027 cambiano le regole per l’invalidità civile e la Legge 104";dal-2027-cambiano-le-regole-per-l-invalidita-civile-e-la-legge-104;migrabile-subito;SI;;;NO;SI;
Lotto 1;13;"Dal 2027 cambiano le regole per l’invalidità civile e la Legge 104 - Copy";dal-2027-cambiano-le-regole-per-l-invalidita-civile-e-la-legge-104-copy;migrabile-subito;SI;;;NO;SI;
Lotto 1;14;"Dal 7 Novembre 2023, l'Associazione COIN Onlus Diventa Fondazione COINSIEME: Un Nuovo Inizio per Obiettivi Sociali Rinnovati";dal-7-novembre-associazione-coin-onlus-diventa-fondazione-coinsieme-un-nuovo-inizio-per-obiettivi-sociali-rinnovati;migrabile-subito;SI;;;NO;SI;
Lotto 1;15;"Dall'esperienza di Turismo per Tutti al premio per i migliori aeroporti accessibili di Fiumicino e Ciampino";dall-esperienza-di-turismo-per-tutti-al-premio-per-i-migliori-aeroporti-accessibili-di-fiumicino-e-ciampino;migrabile-senza-immagine;SI;;;NO;SI;
Lotto 1;16;"Dalla lotta armata alla lotta per gli ultimi";dalla-lotta-armata-alla-lotta-per-gli-ultimi;migrabile-senza-immagine;SI;;;NO;SI;
Lotto 1;17;"Diritti e benefici 2023 per le persone disabili";diritti-e-benefici-2023-per-le-persone-disabili;migrabile-senza-immagine;SI;;;NO;SI;
Lotto 1;18;"DISABILITY CARD a cosa serve e come ottenerla";disability-card-a-cosa-serve-e-come-ottenerla;migrabile-senza-immagine;SI;;;NO;SI;
Lotto 1;19;"E' UFFICIALE IL NUOVO CONTRATTO DELLE COOPERATIVE SOCIALI";e-ufficiale-il-nuovo-contratto-delle-cooperative-sociali;migrabile-senza-immagine;SI;;;NO;SI;
Lotto 1;20;"Energia pulita, inclusione reale: a Grottaferrata prende vita il primo fotovoltaico sociale";energia-pulita-inclusione-reale-a-grottaferrata-prende-vita-il-primo-fotovoltaico-sociale;migrabile-subito;SI;;;NO;SI;
Lotto 2;21;"Esplorare nuovi Orizzonti nel Turismo per Tutti";esplorare-nuovi-orizzonti-nel-turismo-per-tutti;migrabile-subito;SI;;;NO;NO;
Lotto 2;22;"Finanziamento INAIL per la Formazione dei Disabili";finanziamento-inail-per-la-formazione-dei-disabili;migrabile-senza-immagine;SI;;;NO;NO;
Lotto 2;23;"Fondazione COINSIEME ETS: innovazione sociale, inclusione e tecnologia al servizio delle persone";fondazione-coinsieme-ets-innovazione-sociale-inclusione-e-tecnologia-al-servizio-delle-persone;migrabile-senza-immagine;SI;;;NO;NO;
Lotto 2;24;"Fondi privati per l'agricoltura sociale";fondi-privati-per-l-agricoltura-sociale;migrabile-senza-immagine;SI;;;NO;NO;
Lotto 2;25;"Giornata Internazionale della Disabilità: Uno Sguardo alle Politiche di Inclusione e Sostegno in Italia";giornata-internazionale-della-disabilita-uno-sguardo-alle-politiche-di-inclusione-e-sostegno-in-italia;migrabile-senza-immagine;SI;;;NO;NO;
Lotto 2;26;"Gradualità nell’Applicazione del CCNL: uno Strumento di Tutela e Sostenibilità per le Cooperative Sociali";gradualita-nell-applicazione-del-ccnl-uno-strumento-di-tutela-e-sostenibilita-per-le-cooperative-sociali;migrabile-subito;SI;;;NO;NO;
Lotto 2;27;"Il boom dell'Economia Sociale in Italia";il-boom-dell-economia-sociale-in-italia;migrabile-senza-immagine;SI;;;NO;NO;
Lotto 2;28;"Il COIN e il Santa Maria della Pietà di Roma";il-coin-e-il-santa-maria-della-pieta-di-roma;migrabile-senza-immagine;SI;;;NO;NO;
Lotto 2;29;"IL FONDATORE DELLA COMUNITA' CAPODARCO E I GIOVANI";il-fondatore-della-comunita-capodarco-e-i-giovani;migrabile-senza-immagine;SI;;;NO;NO;
Lotto 2;30;"IL LAVORO PER TUTTI";il-lavoro-per-tutti;migrabile-subito;SI;;;NO;NO;
Lotto 2;31;"Il Potenziale Trasformativo dell'Intelligenza Artificiale per le Persone Disabili e Anziane";il-potenziale-trasformativo-dell-intelligenza-artificiale-per-le-persone-disabili-e-anziane;migrabile-senza-immagine;SI;;;NO;NO;
Lotto 2;32;"Il rapporto tra cooperative sociali e PNRR: possibili impieghi e ritorni per il settore";il-rapporto-tra-cooperative-sociali-e-pnrr-possibili-impieghi-e-ritorni-per-il-settore;migrabile-senza-immagine;SI;;;NO;NO;
Lotto 2;33;"Il ricordo di Don Franco";il-ricordo-di-don-franco;migrabile-senza-immagine;SI;;;NO;NO;
Lotto 2;34;"Il Terzo Settore cresce: le nuove opportunità per COINSIEME ETS";il-terzo-settore-cresce-le-nuove-opportunita-per-coinsieme-ets;migrabile-subito;SI;;;NO;NO;
Lotto 2;35;"Indicazioni dall'ISTAT sull'andamento del terzo settore";indicazioni-dall-istat-sull-andamento-del-terzo-settore;migrabile-subito;SI;;;NO;NO;
Lotto 2;36;"""Innovazione nell'Inclusione: Come le Tecnologie Stanno Trasformando il Lavoro per i Disabili""";innovazione-nell-inclusione-come-le-tecnologie-stanno-trasformando-il-lavoro-per-i-disabili;migrabile-senza-immagine;SI;;;NO;NO;
Lotto 2;37;"INPS LANCIA UN PORTALE DI SERVIZIO PER I DISABILI";inps-lancia-un-portale-di-servizio-per-i-disabili;migrabile-subito;SI;;;NO;NO;
Lotto 2;38;"INTESE IN TOSCANA PER LA GESTIONE DEI RIFIUTI CON LE COOPERATIVE SOCIALI";intese-in-toscana-per-la-gestione-dei-rifiuti-con-le-cooperative-sociali;migrabile-subito;SI;;;NO;NO;
Lotto 2;39;"L'accesso on line ai servizi domiciliari di assistenza alla persona";l-accesso-on-line-ai-servizi-domiciliari-di-assistenza-alla-persona;migrabile-senza-immagine;SI;;;NO;NO;
Lotto 2;40;"L'alluvione in Emilia Romagna";l-alluvione-in-emilia-romagna;migrabile-senza-immagine;SI;;;NO;NO;
Lotto 3;41;"Il Lavoro nell’Integrazione Sociale ed Economica di ogni Individuo";l-importanza-del-lavoro-nell-integrazione-sociale-ed-economica-di-ogni-individuo;migrabile-senza-immagine;SI;;;NO;NO;
Lotto 3;42;"L'importanza delle cooperative sociali e delle associazioni come il CO.IN.";l-importanza-delle-cooperative-sociali-e-delle-associazioni-come-il-coin;migrabile-subito;SI;;;NO;NO;
Lotto 3;43;"L'Inflazione e le Sue Ripercussioni sulle Cooperative Sociali: Una Sfida per l'Aggiornamento dei Ricavi e la Retribuzione Salariale";l-inflazione-e-le-sue-ripercussioni-sulle-cooperative-sociali-una-sfida-per-l-aggiornamento-dei-ricavi-e-la-retribuzione-salariale;migrabile-senza-immagine;SI;;;NO;NO;
Lotto 3;44;"L'ultimo saluto di Don Franco";l-ultimo-saluto-di-don-franco;migrabile-senza-immagine;SI;;;NO;NO;
Lotto 3;45;"LA FAVOLA DI UNA PERSONA DIVERSAMENTE ABILE";la-favola-di-una-persona-diversamente-abile;migrabile-subito;SI;;;NO;NO;
Lotto 3;46;"La Fondazione Coinsieme ETS partecipa alla costruzione del Piano Nazionale per l’Economia Sociale";la-fondazione-coinsieme-ets-partecipa-alla-costruzione-del-piano-nazionale-per-l-economia-sociale;migrabile-senza-immagine;SI;;;NO;NO;
Lotto 3;47;"La Pericolosa Retorica di Trump e le Politiche Inclusive: Un ritorno al medioevo";la-pericolosa-retorica-di-trump-e-le-politiche-inclusive-un-ritorno-al-medioevo;migrabile-senza-immagine;SI;;;NO;NO;
Lotto 3;48;"La Rivoluzione del CUP: Dalla Visione di Capodarco al Modello Nazionale";la-rivoluzione-del-cup-dalla-visione-di-capodarco-al-modello-nazionale;migrabile-senza-immagine;SI;;;NO;NO;
Lotto 3;49;"La società solidale genera plusvalore per sé e per i disagiati";la-societa-solidale-genera-plusvalore-per-se-e-per-i-disagiati;migrabile-senza-immagine;SI;;;NO;NO;
Lotto 3;50;"LAVORATORI DISABILI SI' ALLO SMART WORKING";lavoratori-disabili-si-allo-smart-working;migrabile-senza-immagine;SI;;;NO;NO;
Lotto 3;51;"Lavoro e inclusione: le esperienze di successo delle cooperative sociali";lavoro-e-inclusione-le-esperienze-di-successo-delle-cooperative-sociali;migrabile-senza-immagine;SI;;;NO;NO;
Lotto 3;52;"Le Anticipazioni sulle Nuove Misure Finanziarie 2024 e l’Impatto sulle Imprese Sociali e l’Assistenza Sociale";le-anticipazioni-sulle-nuove-misure-finanziarie-2024-e-l-impatto-sulle-imprese-sociali-e-l-assistenza-sociale;migrabile-senza-immagine;SI;;;NO;NO;
Lotto 3;53;"Le nuove norme del “Decreto Sicurezza” e il rischio di un arretramento nell’inclusione lavorativa delle persone con disabilità";le-nuove-norme-del-decreto-sicurezza-e-il-rischio-di-un-arretramento-nell-inclusione-lavorativa-delle-persone-con-disabilita;migrabile-senza-immagine;SI;;;NO;NO;
Lotto 3;54;"Marche accessibili: percorsi in joilette";marche-accessibili-percorsi-in-joilette;migrabile-subito;SI;;;NO;NO;
Lotto 3;55;"Mercato del lavoro in Italia: la situazione delle categorie svantaggiate con particolare riferimento alle coop sociali";mercato-del-lavoro-in-italia-la-situazione-delle-categorie-svantaggiate-con-particolare-riferimento-alle-coop-sociali;migrabile-senza-immagine;SI;;;NO;NO;
Lotto 3;56;"🛡️ Nessun licenziamento per i caregiver: la Legge 104 tutela il diritto al lavoro";nessun-licenziamento-per-i-caregiver-la-legge-104-tutela-il-diritto-al-lavoro;migrabile-senza-immagine;SI;;;NO;NO;
Lotto 3;57;"Nuove risorse per le cooperative sociali da CARIPLO";nuove-risorse-per-le-cooperative-sociali-da-cariplo;migrabile-senza-immagine;SI;;;NO;NO;
Lotto 3;58;"Potenziare l'agricoltura sociale per lo sviluppo della nostra economia locale";potenziare-l-agricoltura-sociale-per-lo-sviluppo-della-nostra-economia-locale;migrabile-subito;SI;;;NO;NO;
Lotto 3;59;"PUBBLICATE LE LINEE GUIDA PER LE STAZIONI APPALTANTI PER FAVORIRE NELLE GARE L'INCLUSIONE SOCIALE";pubblicate-le-linee-guida-per-le-stazioni-appaltanti-per-favorire-nelle-gare-l-inclusione-sociale;migrabile-senza-immagine;SI;;;NO;NO;
Lotto 3;60;"QUANDO LA CAPODARCO ERA LA CAPODARCO";quando-la-capodarco-era-la-capodarco;migrabile-subito;SI;;;NO;NO;
Lotto 4;61;"Raggiunta finalmente l'intesa per il rinnovo del contratto delle cooperative sociali";raggiunta-finalmente-l-intesa-per-il-rinnovo-del-contratto-delle-cooperative-sociali;migrabile-senza-immagine;SI;;;NO;NO;
Lotto 4;62;"Raggiunta finalmente l'intesa per il rinnovo del contratto delle cooperative sociali - Copy";raggiunta-finalmente-l-intesa-per-il-rinnovo-del-contratto-delle-cooperative-sociali-copy;migrabile-senza-immagine;SI;;;NO;NO;
Lotto 4;63;"Regolamento per l’affidamento di contratti pubblici a cooperative sociali di tipo B";regolamento-per-l-affidamento-di-contratti-pubblici-a-cooperative-sociali-di-tipo-b;migrabile-senza-immagine;SI;;;NO;NO;
Lotto 4;64;"Rinnovo del Contratto Collettivo per Colf e Badanti: cosa cambia dal 2025";rinnovo-del-contratto-collettivo-per-colf-e-badanti-cosa-cambia-dal-2025;migrabile-senza-immagine;SI;;;NO;NO;
Lotto 4;65;"Roma approva il nuovo Regolamento per le Cooperative Sociali di Tipo B: speranze e criticità da non ignorare";roma-approva-il-nuovo-regolamento-per-le-cooperative-sociali-di-tipo-b-speranze-e-criticita-da-non-ignorare;migrabile-senza-immagine;SI;;;NO;NO;
Lotto 4;66;"Roma Capitale sostiene le cooperative sociali";roma-capitale-sostiene-le-cooperative-sociali;migrabile-senza-immagine;SI;;;NO;NO;
Lotto 4;67;"ROMA: Cooperative sociali di tipo B: pubblicato l’Elenco capitolino";roma-cooperative-sociali-di-tipo-b-pubblicato-l-elenco-capitolino;migrabile-senza-immagine;SI;;;NO;NO;
Lotto 4;68;"Senza pace non può esserci progresso sociale";senza-pace-non-puo-esserci-progresso;migrabile-senza-immagine;SI;;;NO;NO;
Lotto 4;69;"Si promette ma non si mantiene...";si-promette-ma-non-si-mantiene;migrabile-subito;SI;;;NO;NO;
Lotto 4;70;"Smart working e disabilità: cosa cambia con la nuova legge e perché è un’opportunità da non perdere";smart-working-e-disabilita-cosa-cambia-davvero-con-la-nuova-legge-e-perche-e-un-opportunita-da-non-perdere;migrabile-senza-immagine;SI;;;NO;NO;
Lotto 4;71;"Sostegno alle Imprese Cooperative: il nuovo bando della Regione Lazio per il 2025";sostegno-alle-imprese-cooperative-il-nuovo-bando-della-regione-lazio-per-il-2025;migrabile-senza-immagine;SI;;;NO;NO;
Lotto 4;72;"Start-up Innovative nel Settore dei Servizi per Disabili e Anziani: Promuovere l'Inclusione e il Benessere";start-up-innovative-nel-settore-dei-servizi-per-disabili-e-anziani-promuovere-l-inclusione-e-il-benessere;migrabile-senza-immagine;SI;;;NO;NO;
Lotto 4;73;"Terzo Settore e digitale: per la prima volta, dei dati Istat su cui riflettere";terzo-settore-e-digitale-per-la-prima-volta-dei-dati-istat-su-cui-riflettere;migrabile-senza-immagine;SI;;;NO;NO;
Lotto 4;74;"Turismo Accessibile: Opportunità e Sfide per l'Industria turistica italiana";turismo-accessibile-opportunita-e-sfide-per-l-industria-turistica-italiana;migrabile-senza-immagine;SI;;;NO;NO;
Lotto 4;75;"Valore del no profit in Italia";valore-del-no-profit-in-italia;migrabile-senza-immagine;SI;;;NO;NO;
Lotto 4;76;"Vanga e Fornello: l’agricoltura sostenibile";vanga-e-fornello-l-agricoltura-sostenibile;migrabile-senza-immagine;SI;;;NO;NO;
